{"branches": 67.56756756756756, "coverage": 92.8243398392652}