{"branches": 66.84491978609626, "coverage": 92.74744027303754}