{"branches": 67.95580110497238, "coverage": 92.97235023041475}